{"pieces": ["{\"name\": \"Knight\", \"symbol\": \"2\", \"moves\": [[2, 1, 1, 1], [2, 0, 1, 1], [2, -1, 1, 1], [1, 2, 1, 1], [1, -2, 1, 1], [0, 2, 1, 1], [0, -2, 1, 1], [-1, 0, 1, 1]], \"max_steps\": 1, \"value\": 5.448979591836735, \"max_cells_reachable\": 8, \"optional\": \"p!\"}", "{\"name\": \"SuperPiece\", \"symbol\": \"S\", \"moves\": [[1, 0, 1, 1], [1, 1, 1, 1], [0, 1, 1, 1], [-1, 1, 1, 1], [-1, 0, 1, 1], [-1, -1, 1, 1], [0, -1, 1, 1], [1, -1, 1, 1]], \"max_steps\": 2, \"value\": 11.26530612244898, \"max_cells_reachable\": 16, \"optional\": \"dc\"}"], "board": {"rows": 7, "columns": 7, "board": [[null, "2b", null, null, null, "2b", null], [null, null, null, "2b", null, null, null], [null, null, "2b", null, "2b", null, null], [null, null, null, null, null, null, null], [null, null, "2w", null, "2w", null, null], [null, null, null, "2w", null, null, null], [null, "2w", null, null, null, "2w", null]]}, "white_coefficients": [0.34811990052677, 0.1523602433812406, 0.17069892104490583, 86.78339455941965], "black_coefficients": [0.34811990052677, 0.1523602433812406, 0.17069892104490583, 86.78339455941965]}